<samples>
	<overlapping name="Chess" N="2" periodic="True"/>
	<overlapping name="Chess" N="2" width="47" height="47" periodic="True" screenshots="1"/>
	<overlapping name="Skyline" N="3" symmetry="2" ground="-1" periodic="True"/>
	<overlapping name="Flowers" N="3" symmetry="2" ground="-4" periodic="True"/>
	<overlapping name="Hogs" N="3" periodic="True"/>
	<overlapping name="Hogs" N="2" periodic="True"/>
	<overlapping name="Knot" N="3" periodic="True"/>
	<overlapping name="Less Rooms" N="3" periodic="True"/>
	<overlapping name="Mountains" N="3" symmetry="2" periodic="True"/>
	<overlapping name="Office" N="3" periodic="True"/>
	<overlapping name="Paths" N="3" periodic="True"/>
	<overlapping name="Platformer" N="2" symmetry="2" ground="-1" periodic="True"/>
	<overlapping name="Platformer" N="3" symmetry="2" ground="-1" periodic="True"/>
	<overlapping name="Red Maze" N="2"/>
	<overlapping name="Rooms" N="3" screenshots="3" periodic="True"/>
	<overlapping name="Rule 126" N="3" symmetry="2" periodicInput="False" periodic="False"/>
	<overlapping name="Simple Knot" N="3" periodic="True"/>
	<overlapping name="Simple Maze" N="2"/>
	<overlapping name="Simple Wall" N="3" symmetry="2" periodic="True"/>
	<overlapping name="Simple Wall" N="3" periodic="True"/>
	<overlapping name="Simple Wall" N="2" symmetry="2" periodic="True"/>
	<overlapping name="Simple Wall" N="2" periodic="True"/>
	<overlapping name="Trick Knot" N="3" periodic="True"/>
	<overlapping name="Village" N="3" symmetry="2" periodic="True"/>
	<overlapping name="Water" N="3" symmetry="1" periodic="True"/>
	<simpletiled name="Summer" width="15" height="15"/>
	<simpletiled name="Castle" width="20" height="20"/>
	<simpletiled name="Circuit" subset="Turnless" width="34" height="34" periodic="True" screenshots="3"/>
	<simpletiled name="Knots" subset="Standard" width="24" height="24" periodic="True"/>
	<simpletiled name="Knots" subset="Dense" width="24" height="24" periodic="True"/>	
	<simpletiled name="Knots" subset="Crossless" width="24" height="24"/>
	<simpletiled name="Knots" subset="TE" width="24" height="24"/>
	<simpletiled name="Knots" subset="T" width="24" height="24"/>
	<simpletiled name="Knots" subset="CL" width="24" height="24"/>	
	<simpletiled name="Knots" subset="CE" width="24" height="24" periodic="True"/>
	<simpletiled name="Knots" subset="C" width="24" height="24" periodic="True"/>
	<simpletiled name="Knots" subset="Fabric" width="24" height="24" periodic="True"/>
	<simpletiled name="Knots" subset="Dense Fabric" width="24" height="24" periodic="True"/>
	<simpletiled name="Rooms" width="30" height="30"/>
	<simpletiled name="Circles" width="24" height="24"/>
	<simpletiled name="Circles" subset="Large Circles" width="24" height="24"/>
	<simpletiled name="Circles" subset="Large Circles and Solid" width="24" height="24"/>
	<simpletiled name="Circles" subset="No Solid" width="24" height="24"/>
	
	<overlapping name="Cat" N="3" symmetry="2" periodic="True" width="80" height="80"/>
	<overlapping name="Cats" N="3" symmetry="2" periodic="True"/>
	<overlapping name="Skyline 2" N="3" symmetry="2" periodic="True" ground="-1"/>
	<overlapping name="Angular" N="3" periodic="True"/>
	<overlapping name="City" N="3" periodic="True" width="80" height="80"/>
	<overlapping name="Colored City" N="3" periodic="True"/>
	<overlapping name="Dungeon" N="3" periodic="True"/>
	<overlapping name="Lake" N="3" periodic="True" width="60" height="60"/>
	<overlapping name="Link" N="3" periodic="True"/>
	<overlapping name="Link 2" N="3" periodic="True"/>
	<overlapping name="Mazelike" N="3" periodic="True"/>
	<overlapping name="Nested" N="3" periodic="True"/>
	<overlapping name="Magic Office" N="3" periodic="True"/>
	<overlapping name="Office 2" N="3" periodic="True"/>
	<overlapping name="Qud" N="3" periodic="True" width="80" height="80"/>
	<overlapping name="Red Dot" N="3" periodic="True"/>
	<overlapping name="Scaled Maze" N="2" periodic="True"/>
	<overlapping name="Sewers" N="3" periodic="True"/>
	<overlapping name="Skew 1" N="3" periodic="True"/>
	<overlapping name="Skew 2" N="3" periodic="True"/>
	<overlapping name="Smile City" N="3" periodic="True"/>
	<overlapping name="Spirals" N="3" periodic="True"/>
	<overlapping name="Town" N="3" periodic="True"/>
	
	<overlapping name="3Bricks" N="3" symmetry="1" periodic="True"/>
	<overlapping name="Village" N="3" symmetry="2" limit="50" periodic="True"/>
	<simpletiled name="Summer" width="15" height="15" periodic="False" limit="15"/>

	<simpletiled name="Knots" subset="Standard" width="5" height="5" periodic="True" textOutput="True"/>
	<simpletiled name="Summer" width="6" height="6" periodic="False" textOutput="True"/>
	<simpletiled name="Circuit" subset="Turnless" width="7" height="7" periodic="True" textOutput="True"/>
</samples>
